<?xml version="1.0" encoding="UTF-8"?>
<!DOCTYPE mapper PUBLIC "-//mybatis.org//DTD Mapper 3.0//EN" "http://mybatis.org/dtd/mybatis-3-mapper.dtd">

<mapper namespace="io.renren.modules.banana.generator.dao.BananaGoodsCamiloDao">

	<!-- 可根据自己的需求，是否要使用 -->
    <resultMap type="io.renren.modules.banana.generator.entity.BananaGoodsCamiloEntity" id="bananaGoodsCamiloMap">
        <result property="id" column="id"/>
        <result property="goodsId" column="goods_id"/>
        <result property="camilo" column="camilo"/>
        <result property="status" column="status"/>
        <result property="goodsName" column="goods_name"/>
        <result property="createTime" column="create_time"/>
    </resultMap>


</mapper>