<?xml version="1.0" encoding="UTF-8"?>
<!DOCTYPE mapper PUBLIC "-//mybatis.org//DTD Mapper 3.0//EN" "http://mybatis.org/dtd/mybatis-3-mapper.dtd">

<mapper namespace="io.renren.modules.banana.generator.dao.BananaOrderDao">

	<!-- 可根据自己的需求，是否要使用 -->
    <resultMap type="io.renren.modules.banana.generator.entity.BananaOrderEntity" id="bananaOrderMap">
        <result property="orderid" column="orderid"/>
        <result property="goddsid" column="goddsid"/>
        <result property="title" column="title"/>
        <result property="pic" column="pic"/>
        <result property="count" column="count"/>
        <result property="price" column="price"/>
        <result property="totalPrice" column="total_price"/>
        <result property="code" column="code"/>
        <result property="createTime" column="create_time"/>
        <result property="paytime" column="paytime"/>
        <result property="payType" column="pay_type"/>
        <result property="account" column="account"/>
        <result property="status" column="status"/>
        <result property="topUpWay" column="top_up_way"/>
        <result property="password" column="password"/>
        <result property="url" column="url"/>
    </resultMap>


</mapper>